{
  "credit": "Made with Blockbench",
  "parent": "builtin/entity",
  "texture_size": [
    64,
    64
  ],
  "display": {
    "thirdperson_righthand": {
      "scale": [
        0.69921875,
        0.69921875,
        0.69921875
      ]
    },
    "thirdperson_lefthand": {
      "scale": [
        0.69921875,
        0.69921875,
        0.69921875
      ]
    },
    "ground": {
      "scale": [
        0.689453125,
        0.689453125,
        0.689453125
      ]
    },
    "gui": {
      "rotation": [
        30,
        225,
        0
      ],
      "translation": [
        -1.25,
        -1.75,
        0
      ],
      "scale": [
        1.17578125,
        1.17578125,
        1.17578125
      ]
    },
    "fixed": {
      "rotation": [
        0,
        -87.25,
        0
      ],
      "translation": [
        -1.25,
        -1.25,
        0
      ]
    }
  }
}